action_id,source_screen_id,action_type,label_or_purpose,target_screen_id_or_effect,entitlement,offline_behavior,a11y_label_required,status
ACTION-NAV-TODAY,GLOBAL_NAV,NAVIGATION,Bugün,SCR-TODAY-001,FREE,AVAILABLE,true,ACTIVE
ACTION-NAV-TOOLS,GLOBAL_NAV,NAVIGATION,Araçlar,SCR-TOOLS-001,FREE,AVAILABLE,true,ACTIVE
ACTION-NAV-RECORDS,GLOBAL_NAV,NAVIGATION,Kayıtlar,SCR-RECORDS-001,FREE,AVAILABLE,true,ACTIVE
ACTION-NAV-PROFILE,GLOBAL_NAV,NAVIGATION,Profil,SCR-PROFILE-001,FREE,AVAILABLE,true,ACTIVE
ACTION-TOOLS-ASTROLOGY,SCR-TOOLS-001,NAVIGATION,Astroloji,SCR-ASTROLOGY-001,FREE,AVAILABLE,true,ACTIVE
ACTION-TOOLS-NUMEROLOGY,SCR-TOOLS-001,NAVIGATION,Numeroloji,SCR-NUMEROLOGY-001,FREE,AVAILABLE,true,ACTIVE
ACTION-TOOLS-SPIRITUAL,SCR-TOOLS-001,NAVIGATION,Spiritüel,SCR-SPIRITUAL-001,FREE,AVAILABLE,true,ACTIVE
ACTION-TOOLS-GROWTH,SCR-TOOLS-001,NAVIGATION,Kişisel Gelişim,SCR-GROWTH-001,FREE,AVAILABLE,true,ACTIVE
ACTION-ASTROLOGY-WESTERN,SCR-ASTROLOGY-001,NAVIGATION,Batı Astrolojisi,SCR-WESTERN-INPUT-001,FREE,AVAILABLE,true,ACTIVE
ACTION-ASTROLOGY-VEDIC,SCR-ASTROLOGY-001,NAVIGATION,Vedik Astroloji,SCR-VEDIC-INPUT-001,FREE,AVAILABLE,true,ACTIVE
ACTION-ASTROLOGY-CHINESE,SCR-ASTROLOGY-001,NAVIGATION,Çin Astrolojisi,SCR-CHINESE-001,FREE,AVAILABLE,true,ACTIVE
ACTION-ASTROLOGY-BAZI,SCR-ASTROLOGY-001,NAVIGATION,BaZi,SCR-BAZI-INPUT-001,PRO,AVAILABLE,true,ACTIVE
ACTION-ASTROLOGY-PLANETARY-HOURS,SCR-ASTROLOGY-001,NAVIGATION,Gezegen Saatleri,SCR-PLANETARY-HOURS-001,FREE,AVAILABLE,true,ACTIVE
ACTION-RECORDS-PROFILES,SCR-RECORDS-001,NAVIGATION,Profillerim,SCR-PROFILES-001,FREE,AVAILABLE,true,ACTIVE
ACTION-RECORDS-CLIENTS,SCR-RECORDS-001,NAVIGATION,Danışanlarım,SCR-CLIENTS-001,PRO,AVAILABLE,true,ACTIVE
ACTION-PROFILE-SETTINGS,SCR-PROFILE-001,NAVIGATION,Ayarlar,SCR-SETTINGS-001,FREE,AVAILABLE,true,ACTIVE
ACTION-SETTINGS-BACKUP,SCR-SETTINGS-001,NAVIGATION,Yedekleme ve Aktarma,SCR-BACKUP-001,FREE,AVAILABLE,true,ACTIVE
ACTION-SETTINGS-PDF,SCR-SETTINGS-001,NAVIGATION,PDF Raporları,SCR-PDF-001,PRO,AVAILABLE,true,ACTIVE
ACTION-PDF-PREVIEW,SCR-PDF-001,NAVIGATION,PDF Önizle,SCR-PDF-PREVIEW-001,PRO,AVAILABLE,true,ACTIVE
ACTION-TODAY-EFFECTS,SCR-TODAY-001,NAVIGATION,Bugünkü Etkiler,SCR-TODAY-EFFECTS-001,FREE,AVAILABLE,true,ACTIVE
ACTION-TODAY-MESSAGE,SCR-TODAY-001,NAVIGATION,Günün Mesajı,SCR-TODAY-MESSAGE-001,FREE,AVAILABLE,true,ACTIVE
ACTION-TODAY-WEEK,SCR-TODAY-001,NAVIGATION,Bu Hafta,SCR-TODAY-WEEK-001,FREE,AVAILABLE,true,ACTIVE
ACTION-TODAY-MONTH,SCR-TODAY-001,NAVIGATION,Bu Ay,SCR-TODAY-MONTH-001,FREE,AVAILABLE,true,ACTIVE
ACTION-TODAY-YEAR,SCR-TODAY-001,NAVIGATION,Bu Yıl,SCR-TODAY-YEAR-001,PRO,AVAILABLE,true,ACTIVE
ACTION-WESTERN-BIRTH-DATE,SCR-WESTERN-INPUT-001,INPUT,Doğum Tarihi,EFFECT:OPEN_DATE_PICKER,FREE,AVAILABLE,true,ACTIVE
ACTION-WESTERN-BIRTH-TIME,SCR-WESTERN-INPUT-001,INPUT,Doğum Saati,EFFECT:OPEN_TIME_PICKER,FREE,AVAILABLE,true,ACTIVE
ACTION-WESTERN-UNKNOWN-TIME,SCR-WESTERN-INPUT-001,TOGGLE,Doğum saatini bilmiyorum,EFFECT:SET_UNKNOWN_BIRTH_TIME,FREE,AVAILABLE,true,ACTIVE
ACTION-WESTERN-LOCATION,SCR-WESTERN-INPUT-001,NAVIGATION,Doğum Yeri,SCR-LOCATION-SEARCH-001,FREE,AVAILABLE,true,ACTIVE
ACTION-WESTERN-SETTINGS,SCR-WESTERN-INPUT-001,NAVIGATION,Hesaplama Ayarları,SCR-WESTERN-SETTINGS-001,FREE,AVAILABLE,true,ACTIVE
ACTION-WESTERN-CALCULATE,SCR-WESTERN-INPUT-001,CALCULATION,Hesaplamayı Başlat,SCR-WESTERN-CHART-001,FREE,AVAILABLE,true,ACTIVE
ACTION-WESTERN-CHART-PLACEMENTS,SCR-WESTERN-CHART-001,NAVIGATION,Yerleşimler,SCR-WESTERN-PLACEMENTS-001,FREE,AVAILABLE,true,ACTIVE
ACTION-WESTERN-CHART-ASPECTS,SCR-WESTERN-CHART-001,NAVIGATION,Açılar,SCR-WESTERN-ASPECTS-001,FREE,AVAILABLE,true,ACTIVE
ACTION-WESTERN-CHART-HOUSES,SCR-WESTERN-CHART-001,NAVIGATION,Evler,SCR-WESTERN-HOUSES-001,PRO,AVAILABLE,true,ACTIVE
ACTION-WESTERN-CHART-TECH,SCR-WESTERN-CHART-001,NAVIGATION,Teknik Tablo,SCR-WESTERN-TECH-001,PRO,AVAILABLE,true,ACTIVE
ACTION-WESTERN-CHART-INTERP,SCR-WESTERN-CHART-001,NAVIGATION,Yorum,SCR-WESTERN-INTERP-001,FREE,AVAILABLE,true,ACTIVE
ACTION-WESTERN-CHART-SAVE,SCR-WESTERN-CHART-001,DATA,Kaydet,EFFECT:SAVE_CALCULATION,FREE,AVAILABLE,true,ACTIVE
ACTION-VEDIC-CALCULATE,SCR-VEDIC-INPUT-001,CALCULATION,Hesaplamayı Başlat,SCR-VEDIC-D1-001,FREE,AVAILABLE,true,ACTIVE
ACTION-VEDIC-D1-D9,SCR-VEDIC-D1-001,NAVIGATION,D9 Navamsa,SCR-VEDIC-D9-001,PRO,AVAILABLE,true,ACTIVE
ACTION-VEDIC-D1-VARGAS,SCR-VEDIC-D1-001,NAVIGATION,Vargalar,SCR-VEDIC-VARGAS-001,PRO,AVAILABLE,true,ACTIVE
ACTION-VEDIC-D1-DASHA,SCR-VEDIC-D1-001,NAVIGATION,Vimshottari Dasha,SCR-VEDIC-DASHA-001,PRO,AVAILABLE,true,ACTIVE
ACTION-VEDIC-D1-GOCHARA,SCR-VEDIC-D1-001,NAVIGATION,Gochara,SCR-VEDIC-GOCHARA-001,PRO,AVAILABLE,true,ACTIVE
ACTION-VEDIC-D1-PANCHANGA,SCR-VEDIC-D1-001,NAVIGATION,Panchanga,SCR-VEDIC-PANCHANGA-001,FREE,AVAILABLE,true,ACTIVE
ACTION-VEDIC-D1-STRENGTH,SCR-VEDIC-D1-001,NAVIGATION,Gezegen Güçleri,SCR-VEDIC-STRENGTH-001,PRO,AVAILABLE,true,ACTIVE
ACTION-VEDIC-D1-SETTINGS,SCR-VEDIC-D1-001,NAVIGATION,Vedik Ayarlar,SCR-VEDIC-SETTINGS-001,PRO,AVAILABLE,true,ACTIVE
ACTION-NUMEROLOGY-NEW,SCR-NUMEROLOGY-001,NAVIGATION,Yeni Hesaplama,SCR-NUMEROLOGY-INPUT-001,FREE,AVAILABLE,true,ACTIVE
ACTION-NUM-INPUT-PYTHAGOREAN,SCR-NUMEROLOGY-INPUT-001,CALCULATION,Pythagorean,SCR-PYTHAGOREAN-001,FREE,AVAILABLE,true,ACTIVE
ACTION-NUM-INPUT-CHALDEAN,SCR-NUMEROLOGY-INPUT-001,CALCULATION,Chaldean,SCR-CHALDEAN-001,PRO,AVAILABLE,true,ACTIVE
ACTION-NUM-INPUT-LOSHU,SCR-NUMEROLOGY-INPUT-001,CALCULATION,Lo Shu,SCR-LOSHU-001,FREE,AVAILABLE,true,ACTIVE
ACTION-NUM-PERIODS,SCR-PYTHAGOREAN-001,NAVIGATION,Kişisel Dönemler,SCR-NUM-PERIODS-001,PRO,AVAILABLE,true,ACTIVE
ACTION-NUM-TIMELINE,SCR-PYTHAGOREAN-001,NAVIGATION,Pinnacles ve Challenges,SCR-NUM-TIMELINE-001,PRO,AVAILABLE,true,ACTIVE
ACTION-NUM-COMPAT,SCR-PYTHAGOREAN-001,NAVIGATION,Karşılaştırma,SCR-NUM-COMPAT-001,PRO,AVAILABLE,true,ACTIVE
ACTION-PLANETARY-HOURS-NOTIFY,SCR-PLANETARY-HOURS-001,NAVIGATION,Bildirim Ayarları,SCR-PLANETARY-HOURS-NOTIFY-001,FREE,AVAILABLE,true,ACTIVE
ACTION-PLANETARY-HOURS-DAY,SCR-PLANETARY-HOURS-001,INPUT,Tarih Seç,EFFECT:SELECT_PLANETARY_HOUR_DATE,FREE,AVAILABLE,true,ACTIVE
ACTION-CLIENTS-SEARCH,SCR-CLIENTS-001,INPUT,Danışan Ara,EFFECT:FILTER_CLIENTS,PRO,AVAILABLE,true,ACTIVE
ACTION-CLIENTS-FILTER,SCR-CLIENTS-001,FILTER,Filtrele,EFFECT:OPEN_CLIENT_FILTERS,PRO,AVAILABLE,true,ACTIVE
ACTION-CLIENTS-NEW,SCR-CLIENTS-001,NAVIGATION,Yeni Danışan,SCR-CLIENT-NEW-001,PRO,AVAILABLE,true,ACTIVE
ACTION-CLIENTS-OPEN,SCR-CLIENTS-001,NAVIGATION,Danışan Aç,EFFECT:OPEN_SELECTED_CLIENT,PRO,AVAILABLE,true,ACTIVE
ACTION-PDF-BUILD,SCR-PDF-001,NAVIGATION,PDF Oluştur,SCR-PDF-BUILDER-001,PRO,AVAILABLE,true,ACTIVE
ACTION-PDF-PREVIEW-CREATE,SCR-PDF-PREVIEW-001,PDF,PDF Oluştur,EFFECT:GENERATE_PDF,PRO,AVAILABLE,true,ACTIVE
ACTION-PDF-PREVIEW-SHARE,SCR-PDF-PREVIEW-001,SHARE,Paylaş,EFFECT:SHARE_PDF,PRO,AVAILABLE,true,ACTIVE
ACTION-SETTINGS-LANGUAGE,SCR-SETTINGS-001,NAVIGATION,Dil,SCR-LANGUAGE-001,FREE,AVAILABLE,true,ACTIVE
ACTION-SETTINGS-NOTIFICATIONS,SCR-SETTINGS-001,NAVIGATION,Bildirimler,SCR-NOTIFICATIONS-001,FREE,AVAILABLE,true,ACTIVE
ACTION-SETTINGS-PRIVACY,SCR-SETTINGS-001,NAVIGATION,Gizlilik,SCR-PRIVACY-001,FREE,AVAILABLE,true,ACTIVE
ACTION-SETTINGS-APP-LOCK,SCR-SETTINGS-001,NAVIGATION,Uygulama Kilidi,SCR-APP-LOCK-001,FREE,AVAILABLE,true,ACTIVE
ACTION-SETTINGS-PREMIUM,SCR-SETTINGS-001,NAVIGATION,Premium,SCR-PREMIUM-001,FREE,AVAILABLE,true,ACTIVE
ACTION-BACKUP-EXPORT,SCR-BACKUP-001,BACKUP,Tam Yedek Oluştur,EFFECT:EXPORT_FULL_BACKUP,FREE,AVAILABLE,true,ACTIVE
ACTION-BACKUP-IMPORT,SCR-BACKUP-001,NAVIGATION,Yedekten Geri Yükle,SCR-BACKUP-IMPORT-001,FREE,AVAILABLE,true,ACTIVE
ACTION-ONBOARD-LANGUAGE-TR,SCR-ONBOARD-LANGUAGE-001,INPUT,Türkçe,EFFECT:SET_LANGUAGE_TR,FREE,AVAILABLE,true,ACTIVE
ACTION-ONBOARD-LANGUAGE-EN,SCR-ONBOARD-LANGUAGE-001,INPUT,English,EFFECT:SET_LANGUAGE_EN,FREE,AVAILABLE,true,ACTIVE
ACTION-ONBOARD-LANGUAGE-CONTINUE,SCR-ONBOARD-LANGUAGE-001,NAVIGATION,Devam,SCR-ONBOARD-INTRO-001,FREE,AVAILABLE,true,ACTIVE
ACTION-ONBOARD-INTRO-CONTINUE,SCR-ONBOARD-INTRO-001,NAVIGATION,Devam,SCR-ONBOARD-PROFILE-001,FREE,AVAILABLE,true,ACTIVE
ACTION-ONBOARD-PROFILE-DATE,SCR-ONBOARD-PROFILE-001,INPUT,Doğum Tarihi,EFFECT:OPEN_DATE_PICKER,FREE,AVAILABLE,true,ACTIVE
ACTION-ONBOARD-PROFILE-TIME,SCR-ONBOARD-PROFILE-001,INPUT,Doğum Saati,EFFECT:OPEN_TIME_PICKER,FREE,AVAILABLE,true,ACTIVE
ACTION-ONBOARD-PROFILE-UNKNOWN-TIME,SCR-ONBOARD-PROFILE-001,TOGGLE,Doğum saatini bilmiyorum,EFFECT:SET_UNKNOWN_BIRTH_TIME,FREE,AVAILABLE,true,ACTIVE
ACTION-ONBOARD-PROFILE-LOCATION,SCR-ONBOARD-PROFILE-001,NAVIGATION,Doğum Yeri,SCR-LOCATION-SEARCH-001,FREE,AVAILABLE,true,ACTIVE
ACTION-ONBOARD-PROFILE-SAVE,SCR-ONBOARD-PROFILE-001,DATA,Profili Kaydet,EFFECT:SAVE_INITIAL_PROFILE,FREE,AVAILABLE,true,ACTIVE
ACTION-LOCATION-SEARCH-QUERY,SCR-LOCATION-SEARCH-001,INPUT,Şehir Ara,EFFECT:FILTER_LOCATIONS,FREE,AVAILABLE,true,ACTIVE
ACTION-LOCATION-SEARCH-SELECT,SCR-LOCATION-SEARCH-001,NAVIGATION,Konum Seç,EFFECT:SELECT_LOCATION_OR_DISAMBIGUATE,FREE,AVAILABLE,true,ACTIVE
ACTION-LOCATION-SEARCH-MANUAL,SCR-LOCATION-SEARCH-001,NAVIGATION,Manuel Konum,SCR-LOCATION-MANUAL-001,FREE,AVAILABLE,true,ACTIVE
ACTION-LOCATION-DISAMBIG-SELECT,SCR-LOCATION-DISAMBIG-001,INPUT,Eşleşen Şehri Seç,EFFECT:SELECT_DISAMBIGUATED_LOCATION,FREE,AVAILABLE,true,ACTIVE
ACTION-LOCATION-MANUAL-SAVE,SCR-LOCATION-MANUAL-001,DATA,Konumu Kaydet,EFFECT:SAVE_MANUAL_LOCATION,FREE,AVAILABLE,true,ACTIVE
ACTION-WESTERN-PLACEMENTS-SELECT,SCR-WESTERN-PLACEMENTS-001,NAVIGATION,Yerleşim Detayı,EFFECT:OPEN_PLACEMENT_DETAIL,FREE,AVAILABLE,true,ACTIVE
ACTION-WESTERN-ASPECTS-FILTER,SCR-WESTERN-ASPECTS-001,FILTER,Açı Filtrele,EFFECT:FILTER_ASPECTS,FREE,AVAILABLE,true,ACTIVE
ACTION-WESTERN-HOUSES-SELECT,SCR-WESTERN-HOUSES-001,NAVIGATION,Ev Detayı,EFFECT:OPEN_HOUSE_DETAIL,PRO,AVAILABLE,true,ACTIVE
ACTION-WESTERN-TECH-EXPORT,SCR-WESTERN-TECH-001,DATA,Teknik Veriyi Kaydet,EFFECT:SAVE_TECHNICAL_SNAPSHOT,PRO,AVAILABLE,true,ACTIVE
ACTION-WESTERN-INTERP-SAVE-NOTE,SCR-WESTERN-INTERP-001,DATA,Not Ekle,EFFECT:SAVE_INTERPRETATION_NOTE,FREE,AVAILABLE,true,ACTIVE
ACTION-WESTERN-SETTINGS-HOUSE,SCR-WESTERN-SETTINGS-001,INPUT,Ev Sistemi,EFFECT:SELECT_HOUSE_SYSTEM,FREE,AVAILABLE,true,ACTIVE
ACTION-WESTERN-SETTINGS-ORBS,SCR-WESTERN-SETTINGS-001,INPUT,Orb Ayarları,EFFECT:EDIT_ORBS,PRO,AVAILABLE,true,ACTIVE
ACTION-WESTERN-TRANSITS,SCR-WESTERN-CHART-001,NAVIGATION,Transitler,SCR-TRANSIT-001,PRO,AVAILABLE,true,ACTIVE
ACTION-WESTERN-SYNASTRY,SCR-WESTERN-CHART-001,NAVIGATION,Synastry,SCR-SYNASTRY-SELECT-001,PRO,AVAILABLE,true,ACTIVE
ACTION-WESTERN-COMPOSITE,SCR-WESTERN-CHART-001,NAVIGATION,Composite,SCR-COMPOSITE-001,PRO,AVAILABLE,true,ACTIVE
ACTION-WESTERN-DAVISON,SCR-WESTERN-CHART-001,NAVIGATION,Davison,SCR-DAVISON-001,PRO,AVAILABLE,true,ACTIVE
ACTION-WESTERN-SOLAR-RETURN,SCR-WESTERN-CHART-001,NAVIGATION,Solar Return,SCR-SOLAR-RETURN-001,PRO,AVAILABLE,true,ACTIVE
ACTION-WESTERN-LUNAR-RETURN,SCR-WESTERN-CHART-001,NAVIGATION,Lunar Return,SCR-LUNAR-RETURN-001,PRO,AVAILABLE,true,ACTIVE
ACTION-WESTERN-PROGRESSIONS,SCR-WESTERN-CHART-001,NAVIGATION,Secondary Progressions,SCR-PROGRESSIONS-001,PRO,AVAILABLE,true,ACTIVE
ACTION-WESTERN-SOLAR-ARC,SCR-WESTERN-CHART-001,NAVIGATION,Solar Arc,SCR-SOLAR-ARC-001,PRO,AVAILABLE,true,ACTIVE
ACTION-WESTERN-PROFECTIONS,SCR-WESTERN-CHART-001,NAVIGATION,Annual Profections,SCR-PROFECTIONS-001,PRO,AVAILABLE,true,ACTIVE
ACTION-TRANSIT-DATE,SCR-TRANSIT-001,INPUT,Tarih Seç,EFFECT:SELECT_TRANSIT_DATE,PRO,AVAILABLE,true,ACTIVE
ACTION-TRANSIT-TIMELINE,SCR-TRANSIT-001,NAVIGATION,Zaman Çizelgesi,SCR-TRANSIT-TIMELINE-001,PRO,AVAILABLE,true,ACTIVE
ACTION-TRANSIT-SAVE,SCR-TRANSIT-001,DATA,Kaydet,EFFECT:SAVE_TRANSIT_SNAPSHOT,PRO,AVAILABLE,true,ACTIVE
ACTION-TRANSIT-TIMELINE-RANGE,SCR-TRANSIT-TIMELINE-001,FILTER,Tarih Aralığı,EFFECT:SELECT_TIMELINE_RANGE,PRO,AVAILABLE,true,ACTIVE
ACTION-TRANSIT-TIMELINE-FILTER,SCR-TRANSIT-TIMELINE-001,FILTER,Gösterge Filtreleri,EFFECT:FILTER_TIMELINE_EVENTS,PRO,AVAILABLE,true,ACTIVE
ACTION-SYNASTRY-SELECT-FIRST,SCR-SYNASTRY-SELECT-001,INPUT,Birinci Profil,EFFECT:SELECT_FIRST_PROFILE,PRO,AVAILABLE,true,ACTIVE
ACTION-SYNASTRY-SELECT-SECOND,SCR-SYNASTRY-SELECT-001,INPUT,İkinci Profil,EFFECT:SELECT_SECOND_PROFILE,PRO,AVAILABLE,true,ACTIVE
ACTION-SYNASTRY-CALCULATE,SCR-SYNASTRY-SELECT-001,CALCULATION,Karşılaştır,SCR-SYNASTRY-RESULT-001,PRO,AVAILABLE,true,ACTIVE
ACTION-SYNASTRY-RESULT-SAVE,SCR-SYNASTRY-RESULT-001,DATA,Kaydet,EFFECT:SAVE_SYNASTRY,PRO,AVAILABLE,true,ACTIVE
ACTION-COMPOSITE-SAVE,SCR-COMPOSITE-001,DATA,Kaydet,EFFECT:SAVE_COMPOSITE,PRO,AVAILABLE,true,ACTIVE
ACTION-DAVISON-SAVE,SCR-DAVISON-001,DATA,Kaydet,EFFECT:SAVE_DAVISON,PRO,AVAILABLE,true,ACTIVE
ACTION-SOLAR-RETURN-YEAR,SCR-SOLAR-RETURN-001,INPUT,Yıl Seç,EFFECT:SELECT_SOLAR_RETURN_YEAR,PRO,AVAILABLE,true,ACTIVE
ACTION-SOLAR-RETURN-SAVE,SCR-SOLAR-RETURN-001,DATA,Kaydet,EFFECT:SAVE_SOLAR_RETURN,PRO,AVAILABLE,true,ACTIVE
ACTION-LUNAR-RETURN-DATE,SCR-LUNAR-RETURN-001,INPUT,Dönem Seç,EFFECT:SELECT_LUNAR_RETURN_PERIOD,PRO,AVAILABLE,true,ACTIVE
ACTION-LUNAR-RETURN-SAVE,SCR-LUNAR-RETURN-001,DATA,Kaydet,EFFECT:SAVE_LUNAR_RETURN,PRO,AVAILABLE,true,ACTIVE
ACTION-PROGRESSIONS-DATE,SCR-PROGRESSIONS-001,INPUT,Tarih Seç,EFFECT:SELECT_PROGRESSION_DATE,PRO,AVAILABLE,true,ACTIVE
ACTION-PROGRESSIONS-SAVE,SCR-PROGRESSIONS-001,DATA,Kaydet,EFFECT:SAVE_PROGRESSION,PRO,AVAILABLE,true,ACTIVE
ACTION-SOLAR-ARC-DATE,SCR-SOLAR-ARC-001,INPUT,Tarih Seç,EFFECT:SELECT_SOLAR_ARC_DATE,PRO,AVAILABLE,true,ACTIVE
ACTION-SOLAR-ARC-SAVE,SCR-SOLAR-ARC-001,DATA,Kaydet,EFFECT:SAVE_SOLAR_ARC,PRO,AVAILABLE,true,ACTIVE
ACTION-PROFECTIONS-AGE,SCR-PROFECTIONS-001,INPUT,Yaş Yılı,EFFECT:SELECT_PROFECTION_AGE,PRO,AVAILABLE,true,ACTIVE
ACTION-PROFECTIONS-SAVE,SCR-PROFECTIONS-001,DATA,Kaydet,EFFECT:SAVE_PROFECTION,PRO,AVAILABLE,true,ACTIVE
ACTION-VEDIC-INPUT-DATE,SCR-VEDIC-INPUT-001,INPUT,Doğum Tarihi,EFFECT:OPEN_DATE_PICKER,FREE,AVAILABLE,true,ACTIVE
ACTION-VEDIC-INPUT-TIME,SCR-VEDIC-INPUT-001,INPUT,Doğum Saati,EFFECT:OPEN_TIME_PICKER,FREE,AVAILABLE,true,ACTIVE
ACTION-VEDIC-INPUT-UNKNOWN-TIME,SCR-VEDIC-INPUT-001,TOGGLE,Doğum saatini bilmiyorum,EFFECT:SET_UNKNOWN_BIRTH_TIME,FREE,AVAILABLE,true,ACTIVE
ACTION-VEDIC-INPUT-LOCATION,SCR-VEDIC-INPUT-001,NAVIGATION,Doğum Yeri,SCR-LOCATION-SEARCH-001,FREE,AVAILABLE,true,ACTIVE
ACTION-VEDIC-D9-D1,SCR-VEDIC-D9-001,NAVIGATION,D1 Rasi,SCR-VEDIC-D1-001,PRO,AVAILABLE,true,ACTIVE
ACTION-VEDIC-VARGAS-SELECT,SCR-VEDIC-VARGAS-001,INPUT,Varga Seç,EFFECT:SELECT_VARGA,PRO,AVAILABLE,true,ACTIVE
ACTION-VEDIC-DASHA-DETAIL,SCR-VEDIC-DASHA-001,NAVIGATION,Dasha Detayı,SCR-VEDIC-DASHA-DETAIL-001,PRO,AVAILABLE,true,ACTIVE
ACTION-VEDIC-DASHA-DATE,SCR-VEDIC-DASHA-DETAIL-001,INPUT,Tarih Seç,EFFECT:SELECT_DASHA_DATE,PRO,AVAILABLE,true,ACTIVE
ACTION-VEDIC-GOCHARA-DATE,SCR-VEDIC-GOCHARA-001,INPUT,Tarih Seç,EFFECT:SELECT_GOCHARA_DATE,PRO,AVAILABLE,true,ACTIVE
ACTION-VEDIC-PANCHANGA-DATE,SCR-VEDIC-PANCHANGA-001,INPUT,Tarih Seç,EFFECT:SELECT_PANCHANGA_DATE,FREE,AVAILABLE,true,ACTIVE
ACTION-VEDIC-STRENGTH-MODE,SCR-VEDIC-STRENGTH-001,FILTER,Güç Analizi,EFFECT:SELECT_STRENGTH_MODE,PRO,AVAILABLE,true,ACTIVE
ACTION-VEDIC-SETTINGS-AYANAMSHA,SCR-VEDIC-SETTINGS-001,INPUT,Ayanamsha,EFFECT:SELECT_AYANAMSHA,PRO,AVAILABLE,true,ACTIVE
ACTION-VEDIC-SETTINGS-NODES,SCR-VEDIC-SETTINGS-001,INPUT,Ay Düğümü Yöntemi,EFFECT:SELECT_NODE_MODE,PRO,AVAILABLE,true,ACTIVE
ACTION-CHINESE-SAVE,SCR-CHINESE-001,DATA,Kaydet,EFFECT:SAVE_CHINESE_RESULT,FREE,AVAILABLE,true,ACTIVE
ACTION-BAZI-INPUT-DATE,SCR-BAZI-INPUT-001,INPUT,Doğum Tarihi,EFFECT:OPEN_DATE_PICKER,PRO,AVAILABLE,true,ACTIVE
ACTION-BAZI-INPUT-TIME,SCR-BAZI-INPUT-001,INPUT,Doğum Saati,EFFECT:OPEN_TIME_PICKER,PRO,AVAILABLE,true,ACTIVE
ACTION-BAZI-INPUT-LOCATION,SCR-BAZI-INPUT-001,NAVIGATION,Doğum Yeri,SCR-LOCATION-SEARCH-001,PRO,AVAILABLE,true,ACTIVE
ACTION-BAZI-CALCULATE,SCR-BAZI-INPUT-001,CALCULATION,Hesaplamayı Başlat,SCR-BAZI-PILLARS-001,PRO,AVAILABLE,true,ACTIVE
ACTION-BAZI-PILLARS-ELEMENTS,SCR-BAZI-PILLARS-001,NAVIGATION,Beş Element,SCR-BAZI-ELEMENTS-001,PRO,AVAILABLE,true,ACTIVE
ACTION-BAZI-PILLARS-TENGODS,SCR-BAZI-PILLARS-001,NAVIGATION,Ten Gods,SCR-BAZI-TENGODS-001,PRO,AVAILABLE,true,ACTIVE
ACTION-BAZI-PILLARS-LUCK,SCR-BAZI-PILLARS-001,NAVIGATION,Da Yun,SCR-BAZI-LUCK-001,PRO,AVAILABLE,true,ACTIVE
ACTION-BAZI-ELEMENTS-SAVE,SCR-BAZI-ELEMENTS-001,DATA,Kaydet,EFFECT:SAVE_BAZI_ELEMENTS,PRO,AVAILABLE,true,ACTIVE
ACTION-BAZI-TENGODS-SAVE,SCR-BAZI-TENGODS-001,DATA,Kaydet,EFFECT:SAVE_BAZI_TENGODS,PRO,AVAILABLE,true,ACTIVE
ACTION-BAZI-LUCK-YEAR,SCR-BAZI-LUCK-001,INPUT,Yıl Seç,EFFECT:SELECT_BAZI_YEAR,PRO,AVAILABLE,true,ACTIVE
ACTION-PLANETARY-NOTIFY-TOGGLE,SCR-PLANETARY-HOURS-NOTIFY-001,TOGGLE,Gezegen Saati Bildirimi,EFFECT:TOGGLE_PLANETARY_HOUR_NOTIFICATION,FREE,AVAILABLE,true,ACTIVE
ACTION-CHALDEAN-SAVE,SCR-CHALDEAN-001,DATA,Kaydet,EFFECT:SAVE_CHALDEAN_RESULT,PRO,AVAILABLE,true,ACTIVE
ACTION-LOSHU-SAVE,SCR-LOSHU-001,DATA,Kaydet,EFFECT:SAVE_LOSHU_RESULT,FREE,AVAILABLE,true,ACTIVE
ACTION-NUM-PERIODS-DATE,SCR-NUM-PERIODS-001,INPUT,Tarih Seç,EFFECT:SELECT_NUMEROLOGY_PERIOD_DATE,PRO,AVAILABLE,true,ACTIVE
ACTION-NUM-TIMELINE-RANGE,SCR-NUM-TIMELINE-001,FILTER,Dönem Aralığı,EFFECT:SELECT_NUMEROLOGY_TIMELINE_RANGE,PRO,AVAILABLE,true,ACTIVE
ACTION-NUM-COMPAT-FIRST,SCR-NUM-COMPAT-001,INPUT,Birinci Profil,EFFECT:SELECT_FIRST_PROFILE,PRO,AVAILABLE,true,ACTIVE
ACTION-NUM-COMPAT-SECOND,SCR-NUM-COMPAT-001,INPUT,İkinci Profil,EFFECT:SELECT_SECOND_PROFILE,PRO,AVAILABLE,true,ACTIVE
ACTION-SPIRITUAL-DAILY,SCR-SPIRITUAL-001,NAVIGATION,Günün Kartı,SCR-TAROT-DAILY-001,FREE,AVAILABLE,true,ACTIVE
ACTION-SPIRITUAL-THREE,SCR-SPIRITUAL-001,NAVIGATION,3 Kart Açılımı,SCR-TAROT-THREE-001,FREE,AVAILABLE,true,ACTIVE
ACTION-SPIRITUAL-SESSION,SCR-SPIRITUAL-001,NAVIGATION,Seans Kaydı,SCR-TAROT-SESSION-001,PRO,AVAILABLE,true,ACTIVE
ACTION-SPIRITUAL-INTENTION,SCR-SPIRITUAL-001,NAVIGATION,Niyet,SCR-INTENTION-001,FREE,AVAILABLE,true,ACTIVE
ACTION-SPIRITUAL-GRATITUDE,SCR-SPIRITUAL-001,NAVIGATION,Şükran Günlüğü,SCR-GRATITUDE-001,FREE,AVAILABLE,true,ACTIVE
ACTION-SPIRITUAL-DREAM,SCR-SPIRITUAL-001,NAVIGATION,Rüya Günlüğü,SCR-DREAM-001,FREE,AVAILABLE,true,ACTIVE
ACTION-SPIRITUAL-MEDITATION,SCR-SPIRITUAL-001,NAVIGATION,Meditasyon,SCR-MEDITATION-001,FREE,AVAILABLE,true,ACTIVE
ACTION-SPIRITUAL-BREATH,SCR-SPIRITUAL-001,NAVIGATION,Nefes,SCR-BREATH-001,FREE,AVAILABLE,true,ACTIVE
ACTION-TAROT-DAILY-DRAW,SCR-TAROT-DAILY-001,DATA,Kartı Aç,EFFECT:DRAW_DAILY_CARD,FREE,AVAILABLE,true,ACTIVE
ACTION-TAROT-THREE-DRAW,SCR-TAROT-THREE-001,DATA,Kartları Aç,EFFECT:DRAW_THREE_CARDS,FREE,AVAILABLE,true,ACTIVE
ACTION-TAROT-THREE-SAVE,SCR-TAROT-THREE-001,DATA,Açılımı Kaydet,EFFECT:SAVE_THREE_CARD_READING,FREE,AVAILABLE,true,ACTIVE
ACTION-TAROT-SESSION-SAVE,SCR-TAROT-SESSION-001,DATA,Seansı Kaydet,EFFECT:SAVE_TAROT_SESSION,PRO,AVAILABLE,true,ACTIVE
ACTION-INTENTION-SAVE,SCR-INTENTION-001,DATA,Niyeti Kaydet,EFFECT:SAVE_INTENTION,FREE,AVAILABLE,true,ACTIVE
ACTION-GRATITUDE-SAVE,SCR-GRATITUDE-001,DATA,Kaydı Kaydet,EFFECT:SAVE_GRATITUDE_ENTRY,FREE,AVAILABLE,true,ACTIVE
ACTION-DREAM-SAVE,SCR-DREAM-001,DATA,Rüyayı Kaydet,EFFECT:SAVE_DREAM_ENTRY,FREE,AVAILABLE,true,ACTIVE
ACTION-MEDITATION-START,SCR-MEDITATION-001,DATA,Başlat,EFFECT:START_MEDITATION,FREE,AVAILABLE,true,ACTIVE
ACTION-BREATH-START,SCR-BREATH-001,DATA,Başlat,EFFECT:START_BREATH_EXERCISE,FREE,AVAILABLE,true,ACTIVE
ACTION-GROWTH-GOALS,SCR-GROWTH-001,NAVIGATION,Hedefler,SCR-GOALS-001,FREE,AVAILABLE,true,ACTIVE
ACTION-GROWTH-HABITS,SCR-GROWTH-001,NAVIGATION,Alışkanlıklar,SCR-HABITS-001,FREE,AVAILABLE,true,ACTIVE
ACTION-GROWTH-AM,SCR-GROWTH-001,NAVIGATION,Sabah Check-in,SCR-CHECKIN-AM-001,FREE,AVAILABLE,true,ACTIVE
ACTION-GROWTH-PM,SCR-GROWTH-001,NAVIGATION,Akşam Check-in,SCR-CHECKIN-PM-001,FREE,AVAILABLE,true,ACTIVE
ACTION-GROWTH-WEEKLY,SCR-GROWTH-001,NAVIGATION,Haftalık Değerlendirme,SCR-WEEKLY-REVIEW-001,FREE,AVAILABLE,true,ACTIVE
ACTION-GROWTH-LIFE-WHEEL,SCR-GROWTH-001,NAVIGATION,Yaşam Çarkı,SCR-LIFE-WHEEL-001,FREE,AVAILABLE,true,ACTIVE
ACTION-GROWTH-MOOD,SCR-GROWTH-001,NAVIGATION,Mood ve Enerji,SCR-MOOD-001,FREE,AVAILABLE,true,ACTIVE
ACTION-GOALS-NEW,SCR-GOALS-001,DATA,Yeni Hedef,EFFECT:CREATE_GOAL,FREE,AVAILABLE,true,ACTIVE
ACTION-HABITS-NEW,SCR-HABITS-001,DATA,Yeni Alışkanlık,EFFECT:CREATE_HABIT,FREE,AVAILABLE,true,ACTIVE
ACTION-CHECKIN-AM-SAVE,SCR-CHECKIN-AM-001,DATA,Kaydet,EFFECT:SAVE_MORNING_CHECKIN,FREE,AVAILABLE,true,ACTIVE
ACTION-CHECKIN-PM-SAVE,SCR-CHECKIN-PM-001,DATA,Kaydet,EFFECT:SAVE_EVENING_CHECKIN,FREE,AVAILABLE,true,ACTIVE
ACTION-WEEKLY-REVIEW-SAVE,SCR-WEEKLY-REVIEW-001,DATA,Değerlendirmeyi Kaydet,EFFECT:SAVE_WEEKLY_REVIEW,FREE,AVAILABLE,true,ACTIVE
ACTION-LIFE-WHEEL-SAVE,SCR-LIFE-WHEEL-001,DATA,Kaydet,EFFECT:SAVE_LIFE_WHEEL,FREE,AVAILABLE,true,ACTIVE
ACTION-MOOD-ADD,SCR-MOOD-001,DATA,Kayıt Ekle,EFFECT:ADD_MOOD_ENTRY,FREE,AVAILABLE,true,ACTIVE
ACTION-PROFILES-NEW,SCR-PROFILES-001,DATA,Yeni Profil,EFFECT:CREATE_PROFILE,FREE,AVAILABLE,true,ACTIVE
ACTION-PROFILES-OPEN,SCR-PROFILES-001,NAVIGATION,Profili Aç,EFFECT:OPEN_SELECTED_PROFILE,FREE,AVAILABLE,true,ACTIVE
ACTION-PROFILE-DETAIL-EDIT,SCR-PROFILE-DETAIL-001,DATA,Profili Düzenle,EFFECT:EDIT_PROFILE,FREE,AVAILABLE,true,ACTIVE
ACTION-CLIENT-NEW-SAVE,SCR-CLIENT-NEW-001,DATA,Danışanı Kaydet,EFFECT:SAVE_CLIENT,PRO,AVAILABLE,true,ACTIVE
ACTION-CLIENT-DETAIL-PREP,SCR-CLIENT-DETAIL-001,NAVIGATION,Danışmanlık Hazırlığı,SCR-CONSULT-PREP-001,PRO,AVAILABLE,true,ACTIVE
ACTION-CLIENT-DETAIL-LIVE,SCR-CLIENT-DETAIL-001,NAVIGATION,Seansı Başlat,SCR-CONSULT-LIVE-001,PRO,AVAILABLE,true,ACTIVE
ACTION-CLIENT-DETAIL-HISTORY,SCR-CLIENT-DETAIL-001,NAVIGATION,Seans Geçmişi,SCR-CONSULT-HISTORY-001,PRO,AVAILABLE,true,ACTIVE
ACTION-CONSULT-PREP-START,SCR-CONSULT-PREP-001,NAVIGATION,Danışmanlığı Başlat,SCR-CONSULT-LIVE-001,PRO,AVAILABLE,true,ACTIVE
ACTION-CONSULT-LIVE-SAVE,SCR-CONSULT-LIVE-001,DATA,Seansı Kaydet,EFFECT:SAVE_CONSULTATION,PRO,AVAILABLE,true,ACTIVE
ACTION-CONSULT-HISTORY-OPEN,SCR-CONSULT-HISTORY-001,NAVIGATION,Seansı Aç,EFFECT:OPEN_SELECTED_CONSULTATION,PRO,AVAILABLE,true,ACTIVE
ACTION-RECORDS-PRESETS,SCR-RECORDS-001,NAVIGATION,Profesyonel Presetler,SCR-PRO-PRESETS-001,PRO,AVAILABLE,true,ACTIVE
ACTION-RECORDS-LIBRARY,SCR-RECORDS-001,NAVIGATION,Yorum Kütüphanesi,SCR-PRO-LIBRARY-001,PRO,AVAILABLE,true,ACTIVE
ACTION-RECORDS-SHARE,SCR-RECORDS-001,NAVIGATION,Paylaşım Kartı,SCR-PRO-SHARE-001,PRO,AVAILABLE,true,ACTIVE
ACTION-RECORDS-LEARNING,SCR-RECORDS-001,NAVIGATION,Öğrenme Modu,SCR-LEARNING-001,FREE,AVAILABLE,true,ACTIVE
ACTION-PRO-PRESETS-SAVE,SCR-PRO-PRESETS-001,DATA,Preset Kaydet,EFFECT:SAVE_PRO_PRESET,PRO,AVAILABLE,true,ACTIVE
ACTION-PRO-LIBRARY-NEW,SCR-PRO-LIBRARY-001,DATA,Yorum Şablonu Ekle,EFFECT:CREATE_INTERPRETATION_TEMPLATE,PRO,AVAILABLE,true,ACTIVE
ACTION-PRO-SHARE-CREATE,SCR-PRO-SHARE-001,SHARE,Kart Oluştur,EFFECT:CREATE_SHARE_CARD,PRO,AVAILABLE,true,ACTIVE
ACTION-LEARNING-MODE,SCR-LEARNING-001,TOGGLE,Öğretim Görünümü,EFFECT:TOGGLE_TEACHING_MODE,FREE,AVAILABLE,true,ACTIVE
ACTION-LANGUAGE-TR,SCR-LANGUAGE-001,INPUT,Türkçe,EFFECT:SET_LANGUAGE_TR,FREE,AVAILABLE,true,ACTIVE
ACTION-LANGUAGE-EN,SCR-LANGUAGE-001,INPUT,English,EFFECT:SET_LANGUAGE_EN,FREE,AVAILABLE,true,ACTIVE
ACTION-NOTIFICATIONS-MASTER,SCR-NOTIFICATIONS-001,TOGGLE,Bildirimler,EFFECT:TOGGLE_NOTIFICATIONS,FREE,AVAILABLE,true,ACTIVE
ACTION-PRIVACY-DELETE-ALL,SCR-PRIVACY-001,DATA,Tüm Verileri Sil,EFFECT:DELETE_ALL_LOCAL_DATA,FREE,AVAILABLE,true,ACTIVE
ACTION-APP-LOCK-PIN,SCR-APP-LOCK-001,TOGGLE,PIN Kilidi,EFFECT:TOGGLE_PIN_LOCK,FREE,AVAILABLE,true,ACTIVE
ACTION-APP-LOCK-BIOMETRIC,SCR-APP-LOCK-001,TOGGLE,Biyometrik Kilit,EFFECT:TOGGLE_BIOMETRIC_LOCK,FREE,AVAILABLE,true,ACTIVE
ACTION-PREMIUM-BUY,SCR-PREMIUM-001,PURCHASE,PRO Satın Al,EFFECT:PURCHASE_PRO,FREE,REQUIRES_NETWORK,true,ACTIVE
ACTION-BACKUP-IMPORT-PICK,SCR-BACKUP-IMPORT-001,BACKUP,Yedek Dosyası Seç,EFFECT:PICK_BACKUP_FILE,FREE,AVAILABLE,true,ACTIVE
ACTION-BACKUP-IMPORT-PREVIEW,SCR-BACKUP-IMPORT-001,NAVIGATION,Önizle,SCR-BACKUP-PREVIEW-001,FREE,AVAILABLE,true,ACTIVE
ACTION-BACKUP-PREVIEW-MERGE,SCR-BACKUP-PREVIEW-001,BACKUP,Birleştir,EFFECT:RESTORE_MERGE,FREE,AVAILABLE,true,ACTIVE
ACTION-BACKUP-PREVIEW-REPLACE,SCR-BACKUP-PREVIEW-001,BACKUP,Mevcut Veriyi Değiştir,EFFECT:RESTORE_REPLACE,FREE,AVAILABLE,true,ACTIVE
ACTION-PDF-BUILDER-SECTIONS,SCR-PDF-BUILDER-001,INPUT,Bölümler,EFFECT:EDIT_PDF_SECTIONS,PRO,AVAILABLE,true,ACTIVE
ACTION-PDF-BUILDER-ORDER,SCR-PDF-BUILDER-001,INPUT,Sıralama,EFFECT:REORDER_PDF_SECTIONS,PRO,AVAILABLE,true,ACTIVE
ACTION-PDF-BUILDER-PREVIEW,SCR-PDF-BUILDER-001,NAVIGATION,Önizle,SCR-PDF-PREVIEW-001,PRO,AVAILABLE,true,ACTIVE
